{"count":1,"self":95.548992,"total":27546.109605999998,"children":{"InitializeSensors":{"count":1,"self":0.003944,"total":0.003944,"children":null},"AgentSendState":{"count":5003,"self":0.080898,"total":0.48790999999999995,"children":{"CollectObservations":{"count":1003,"self":0.010754,"total":0.010754,"children":null},"CollectDiscreteActionMasks":{"count":1003,"self":0.0053079999999999994,"total":0.0053079999999999994,"children":null},"RequestDecision":{"count":1003,"self":0.038473,"total":0.39094999999999996,"children":{"AgentInfo.ToProto":{"count":1003,"self":0.023375999999999997,"total":0.352477,"children":{"GenerateSensorData":{"count":1003,"self":0.081919999999999993,"total":0.329101,"children":{"RayPerceptionSensor.Perceive":{"count":3009,"self":0.24718099999999998,"total":0.24718099999999998,"children":null}}}}}}}}},"DecideAction":{"count":5003,"self":27449.9878912,"total":27449.988073999997,"children":null},"AgentAct":{"count":5003,"self":0.07796199999999999,"total":0.078119,"children":{"AgentInfo.ToProto":{"count":1,"self":1.4E-05,"total":0.000157,"children":{"GenerateSensorData":{"count":1,"self":3.2999999999999996E-05,"total":0.000143,"children":{"RayPerceptionSensor.Perceive":{"count":3,"self":0.00010999999999999999,"total":0.00010999999999999999,"children":null}}}}}}}},"gauges":{"Pyramids.CumulativeReward":{"count":1,"max":-1.0003413,"min":-1.0003413,"runningAverage":-1.0003413,"value":-1.0003413,"weightedAverage":-1.0003413}},"metadata":{"timer_format_version":"0.1.0","start_time_seconds":"1597962502","unity_version":"2019.3.15f1","command_line_arguments":"\/home\/fran\/Repos\/Curiosity-Driven-Exploration\/env\/Pyramids.x86_64 --mlagents-port 5006","communication_protocol_version":"1.0.0","com.unity.ml-agents_version":"1.3.0-preview","scene_name":"Pyramids","end_time_seconds":"1597990048"}}